{
  "id": "",
  "name": "",
  "font_family": "iconfont",
  "css_prefix_text": "icon-",
  "description": "",
  "glyphs": [
    {
      "icon_id": "351749",
      "name": "返回顶部",
      "font_class": "fanhuidingbu",
      "unicode": "e609",
      "unicode_decimal": 58889
    },
    {
      "icon_id": "396490",
      "name": "置顶",
      "font_class": "zhiding",
      "unicode": "e66d",
      "unicode_decimal": 58989
    },
    {
      "icon_id": "493283",
      "name": "刷新",
      "font_class": "shuaxin",
      "unicode": "e794",
      "unicode_decimal": 59284
    },
    {
      "icon_id": "586300",
      "name": "五角星",
      "font_class": "star",
      "unicode": "e61b",
      "unicode_decimal": 58907
    },
    {
      "icon_id": "2681717",
      "name": "五角星",
      "font_class": "wujiaoxing",
      "unicode": "e614",
      "unicode_decimal": 58900
    },
    {
      "icon_id": "4789373",
      "name": "更多",
      "font_class": "gengduo",
      "unicode": "e643",
      "unicode_decimal": 58947
    },
    {
      "icon_id": "6691793",
      "name": "加号",
      "font_class": "jiahao",
      "unicode": "e61c",
      "unicode_decimal": 58908
    },
    {
      "icon_id": "7127378",
      "name": "发起",
      "font_class": "faqi",
      "unicode": "e605",
      "unicode_decimal": 58885
    },
    {
      "icon_id": "7205979",
      "name": "Loading",
      "font_class": "Loading",
      "unicode": "e62c",
      "unicode_decimal": 58924
    },
    {
      "icon_id": "8402945",
      "name": "更多",
      "font_class": "gengduo1",
      "unicode": "e531",
      "unicode_decimal": 58673
    },
    {
      "icon_id": "9539921",
      "name": "待审批",
      "font_class": "daishenpi",
      "unicode": "e66e",
      "unicode_decimal": 58990
    },
    {
      "icon_id": "10299069",
      "name": "已处理",
      "font_class": "yichuli",
      "unicode": "e51f",
      "unicode_decimal": 58655
    },
    {
      "icon_id": "11688056",
      "name": "待处理任务",
      "font_class": "daichulirenwu",
      "unicode": "e611",
      "unicode_decimal": 58897
    }
  ]
}
