{
  "ranklist1": [
      {
          "updteChapterName": "一百零七章:觐见国君",
          "description": "逆转乾坤，仁者为尊！\r\n一己之力，可穿山破城！\n众人携手，可摇天换地。！\n逆境脱胎换骨，斩妖灭灵战神兽！一路成长定乾坤。\r\n我欲揽天，天奈我何？\n且看草根少年，如何逆挽狂澜，支撑着摇摇欲坠之山河社稷。\r\n一路披荆斩刺，匡扶正义，抵御极边未知领域的恐怖黑暗之力。",
          "subCateName": "异世大陆",
          "bookName": "揽天",
          "categoryName": "奇幻玄幻",
          "bookId": 849302,
          "coverUrl": "/cover/af/4d/af4dac9ef5499796d880f4bc125423d0.jpeg",
          "serialStatus": 0,
          "authorName": "月本无光"
      },
      {
          "updteChapterName": "第五十八章  高瞻远瞩",
          "description": "识微造物，随心所欲。\r\n　　天下武道，尽我所有！\r\n　　乌夜本是一名最底层的F级星际猎人，由于珍惜时间，得到掌控时间之力的奢摩珠的承认，传承识微、造物神通。适逢异兽入侵，天下大乱，乌夜云起龙骧，外御强敌，内安社稷，造福百姓。",
          "subCateName": "异术超能",
          "bookName": "时间之主",
          "categoryName": "奇幻玄幻",
          "bookId": 864186,
          "coverUrl": "/cover/12/1c/121c90e81a111ace5e0a7a1ee6d52775.jpeg",
          "serialStatus": 0,
          "authorName": "花夜蓝"
      },
      {
          "updteChapterName": "第三十四章 行青城",
          "description": "修仙者 魔法师，恶魔，妖族，诸天万族，战争永无休止",
          "subCateName": "东方玄幻",
          "bookName": "光暗龙印",
          "categoryName": "奇幻玄幻",
          "bookId": 840026,
          "coverUrl": "/cover/d3/3a/d33aee2e61dae9dc965ceecfcf103add.jpeg",
          "serialStatus": 0,
          "authorName": "光明05"
      },
      {
          "updteChapterName": "第四十三章 凤巢行",
          "description": "废柴老师在人界被处处排挤，屈屈不得志，穿越到异界成了高高在上的神兽头领，这是一个人界，妖界，仙界，以及异界平行存在的时空，这是一个人人讲道理，处处讲道理的世界。\r\n打怪升级这样的系统在这里是不存在的，唯有唐诗三百首才能纵横宇宙，且看我们的男主如何通过语言的魅力征服整个洪荒宇宙！别问为什么。因为男主在异界有千军万马。只需动嘴就够了。",
          "subCateName": "异世大陆",
          "bookName": "我到异界当神兽",
          "categoryName": "奇幻玄幻",
          "bookId": 865913,
          "coverUrl": "/cover/a1/8f/a18f00af19d865b5182b5c6731aa616f.jpeg",
          "serialStatus": 0,
          "authorName": "七月华少"
      },
      {
          "updteChapterName": "第二十六章蝶翼公主",
          "description": "九十九世的轮回，九十九世的等待。九十九世的爱恨与情仇，等来的是九十九世的泣血与无奈。我能控天，能控地，却不能掌控自己的命运，与你共赴瑶台？",
          "subCateName": "东方玄幻",
          "bookName": "控神诀",
          "categoryName": "奇幻玄幻",
          "bookId": 404471,
          "coverUrl": "/cover/2015/09/13/1441611104957.jpg",
          "serialStatus": 0,
          "authorName": "凌霄大仙"
      },
      {
          "updteChapterName": "第五十四章 伏羲八卦",
          "description": "某一天，神秘系统降临，命运的齿轮也就此转动。\r\n昔年一言，百世轮回，她与他的故事。\r\n万古年间，神降之时，一切有因有果。\r\n十万年的期限，这是他的使命，也是她的宿命。\r\n（非系统流的系统文～慢热型）\r\n\r\n叮，您有新的任务请查收...\r\n云希：“卧槽尼玛？！.....什么鬼东西！？未知任务倒计时：十万年？”\r\n....\r\n某未知世界，白毛魔法师头顶雷霆万钧冷声大喝：“老子的魔法天下第一！”\r\n云希大笑三声：“哈哈哈！要用魔法打败魔法！”\r\n\r\n随意建了个闲聊群，群号554279459\r\n欢迎加入",
          "subCateName": "转世重生",
          "bookName": "我去万界做任务",
          "categoryName": "奇幻玄幻",
          "bookId": 862357,
          "coverUrl": "/cover/56/58/5658f135a8e0e89f082cf6f9f47f1757.jpeg",
          "serialStatus": 0,
          "authorName": "雨文若仙"
      },
      {
          "updteChapterName": "第二十五章 出发",
          "description": "渺小若微尘的一片大陆上，一段传奇即将谱写。没有人天生就是强者，也没有人天生就有铁一般的坚强意志，在血与火的历练中，他于无声中踏上了搅动浩瀚宇宙的征途……",
          "subCateName": "西方奇幻",
          "bookName": "魔雷战记",
          "categoryName": "奇幻玄幻",
          "bookId": 862731,
          "coverUrl": "/cover/a5/0e/a50e46c1b909aa6f110e0f78a8bdf368.jpeg",
          "serialStatus": 0,
          "authorName": "雨打黄昏"
      },
      {
          "updteChapterName": "第一百二十章  突破境界！",
          "description": "浩漭天地，界陆三分。\r\n     妖魔横行的寂灭大陆，药神宗天才宗主，毕生无法修行，于大限将至之际，寻转世再生之路。\r\n     然，生死海深，轮回路险，因果纠缠，厄难降临。\r\n     ……\r\n     三百年后。\r\n     凡人聚涌的乾玄大陆，一座边陲小城，风雨飘摇的虞家，有一天魂、地魂遗失的浑噩少年，一夜觉醒。\r\n     就此，风云突变，天地翻覆，传说和神话再续。\r\n     新生少年，地魂凝炼阴神，天魂进阶阳神，人魂蜕变元神。\r\n终，三魂盖世！\r\n     ……",
          "subCateName": "东方玄幻",
          "bookName": "盖世",
          "categoryName": "奇幻玄幻",
          "bookId": 850594,
          "coverUrl": "/cover/37/a6/37a673f56bbae7cc1c00a9beed6e1d4a1561101624387.jpeg",
          "serialStatus": 0,
          "authorName": "逆苍天"
      },
      {
          "updteChapterName": "第四十六章 喜讯",
          "description": "全球共四处‘红雾’能量爆发，而红雾能量可以促进所有生物进化！　　\n    人类作为最高等掠食者突然降低到极限，沦为食物，后重新崛起，继续着争权夺利！\n    “我从来没想过我会站在这里！不过幸好，你们都还在我身边。”战浩初如此说道。\n　　原谅作者任性一丢丢，求推荐！求收藏！　　\n    本书灵感来自于无意中搜索到的关于寒武纪，早寒武纪大冰期相关资料，喜欢的同学可以去查一下！\n\n    ps“前面几章有很多设定，因为世界观较为宏达，希望大家坚持下去，后面很精彩！",
          "subCateName": "王朝争霸",
          "bookName": "进化载体",
          "categoryName": "奇幻玄幻",
          "bookId": 868200,
          "coverUrl": "/cover/3a/9d/3a9dac4bb8a2ebff7de6f258822b1648.jpeg",
          "serialStatus": 0,
          "authorName": "浪子行天"
      },
      {
          "updteChapterName": "第三十章 分别",
          "description": "湖边把酒葬岁月，山中煎茶出世事。门外若无南北路，人间应免别离绪。君埋泉下泥销骨，我寄人间雪满头。长相思兮长相忆，短相思兮无穷极。",
          "subCateName": "东方玄幻",
          "bookName": "诸天",
          "categoryName": "奇幻玄幻",
          "bookId": 863799,
          "coverUrl": "/cover/95/19/951985ac1d7ef50b0b9acc23bac24ffa.jpeg",
          "serialStatus": 0,
          "authorName": "醉酒赏月夜"
      }
  ],
  "ranklist2": [
      {
          "updteChapterName": "115   醒灵",
          "description": "天境湖澄清如玉，缥缈峰冰肌玉骨！\r\n世界的尽头，一派苍茫！",
          "subCateName": "东方玄幻",
          "bookName": "扬天无界",
          "categoryName": "奇幻玄幻",
          "bookId": 850027,
          "coverUrl": "/cover/fb/10/fb1064813fd5ead70266ae66703875a8.jpeg",
          "serialStatus": 0,
          "authorName": "幽灵鬼手"
      },
      {
          "updteChapterName": "第114章  云瀑之诡",
          "description": "一元、两仪、三才、四象……\n“我跟你们说，一些传统的东西一定要记得随便学点什么，一旦遇到穿越这种事情，你就能开辟一条征伐诸天的堂皇大道！”商夏敬告诸位道友。\n【微信公众号：睡秋的庄园】\n书友群：128946075。\n完本老书：《真灵九变》、《仙路至尊》。",
          "subCateName": "东方玄幻",
          "bookName": "猎天争锋",
          "categoryName": "奇幻玄幻",
          "bookId": 841970,
          "coverUrl": "/cover/9f/33/9f33c6e02a226d0d6f7a9fac7846909c.jpeg",
          "serialStatus": 0,
          "authorName": "睡秋"
      },
      {
          "updteChapterName": "一百零七章:觐见国君",
          "description": "逆转乾坤，仁者为尊！\r\n一己之力，可穿山破城！\n众人携手，可摇天换地。！\n逆境脱胎换骨，斩妖灭灵战神兽！一路成长定乾坤。\r\n我欲揽天，天奈我何？\n且看草根少年，如何逆挽狂澜，支撑着摇摇欲坠之山河社稷。\r\n一路披荆斩刺，匡扶正义，抵御极边未知领域的恐怖黑暗之力。",
          "subCateName": "异世大陆",
          "bookName": "揽天",
          "categoryName": "奇幻玄幻",
          "bookId": 849302,
          "coverUrl": "/cover/af/4d/af4dac9ef5499796d880f4bc125423d0.jpeg",
          "serialStatus": 0,
          "authorName": "月本无光"
      },
      {
          "updteChapterName": "第189章 狠毒人心",
          "description": "多少人挖坟掘墓想要找的不死药，却被男主无意中得到，却不料……\n不死神药是否真能不死？这是一个问题！为拯救好兄弟和他自己，男主只能加入寻墓小组，在一座座诡奇大墓中，寻找不死药的终极秘密……",
          "subCateName": "异术超能",
          "bookName": "幻灵之寻墓传奇",
          "categoryName": "奇幻玄幻",
          "bookId": 841921,
          "coverUrl": "/cover/94/13/9413778852b6ea3d6debd9059da7bcfa.jpeg",
          "serialStatus": 0,
          "authorName": "白露丹阳"
      },
      {
          "updteChapterName": "第五十八章  高瞻远瞩",
          "description": "识微造物，随心所欲。\r\n　　天下武道，尽我所有！\r\n　　乌夜本是一名最底层的F级星际猎人，由于珍惜时间，得到掌控时间之力的奢摩珠的承认，传承识微、造物神通。适逢异兽入侵，天下大乱，乌夜云起龙骧，外御强敌，内安社稷，造福百姓。",
          "subCateName": "异术超能",
          "bookName": "时间之主",
          "categoryName": "奇幻玄幻",
          "bookId": 864186,
          "coverUrl": "/cover/12/1c/121c90e81a111ace5e0a7a1ee6d52775.jpeg",
          "serialStatus": 0,
          "authorName": "花夜蓝"
      },
      {
          "updteChapterName": "第三十四章 行青城",
          "description": "修仙者 魔法师，恶魔，妖族，诸天万族，战争永无休止",
          "subCateName": "东方玄幻",
          "bookName": "光暗龙印",
          "categoryName": "奇幻玄幻",
          "bookId": 840026,
          "coverUrl": "/cover/d3/3a/d33aee2e61dae9dc965ceecfcf103add.jpeg",
          "serialStatus": 0,
          "authorName": "光明05"
      },
      {
          "updteChapterName": "第四十三章 凤巢行",
          "description": "废柴老师在人界被处处排挤，屈屈不得志，穿越到异界成了高高在上的神兽头领，这是一个人界，妖界，仙界，以及异界平行存在的时空，这是一个人人讲道理，处处讲道理的世界。\r\n打怪升级这样的系统在这里是不存在的，唯有唐诗三百首才能纵横宇宙，且看我们的男主如何通过语言的魅力征服整个洪荒宇宙！别问为什么。因为男主在异界有千军万马。只需动嘴就够了。",
          "subCateName": "异世大陆",
          "bookName": "我到异界当神兽",
          "categoryName": "奇幻玄幻",
          "bookId": 865913,
          "coverUrl": "/cover/a1/8f/a18f00af19d865b5182b5c6731aa616f.jpeg",
          "serialStatus": 0,
          "authorName": "七月华少"
      },
      {
          "updteChapterName": "第二十六章蝶翼公主",
          "description": "九十九世的轮回，九十九世的等待。九十九世的爱恨与情仇，等来的是九十九世的泣血与无奈。我能控天，能控地，却不能掌控自己的命运，与你共赴瑶台？",
          "subCateName": "东方玄幻",
          "bookName": "控神诀",
          "categoryName": "奇幻玄幻",
          "bookId": 404471,
          "coverUrl": "/cover/2015/09/13/1441611104957.jpg",
          "serialStatus": 0,
          "authorName": "凌霄大仙"
      },
      {
          "updteChapterName": "第五十四章 伏羲八卦",
          "description": "某一天，神秘系统降临，命运的齿轮也就此转动。\r\n昔年一言，百世轮回，她与他的故事。\r\n万古年间，神降之时，一切有因有果。\r\n十万年的期限，这是他的使命，也是她的宿命。\r\n（非系统流的系统文～慢热型）\r\n\r\n叮，您有新的任务请查收...\r\n云希：“卧槽尼玛？！.....什么鬼东西！？未知任务倒计时：十万年？”\r\n....\r\n某未知世界，白毛魔法师头顶雷霆万钧冷声大喝：“老子的魔法天下第一！”\r\n云希大笑三声：“哈哈哈！要用魔法打败魔法！”\r\n\r\n随意建了个闲聊群，群号554279459\r\n欢迎加入",
          "subCateName": "转世重生",
          "bookName": "我去万界做任务",
          "categoryName": "奇幻玄幻",
          "bookId": 862357,
          "coverUrl": "/cover/56/58/5658f135a8e0e89f082cf6f9f47f1757.jpeg",
          "serialStatus": 0,
          "authorName": "雨文若仙"
      },
      {
          "updteChapterName": "第六十五章：找到你了，后果很严重",
          "description": "重生醒来，陈宇发现自己穿越到了一个标准的龙傲天文世界，连名字都就叫龙傲天的那种。\r\n本来以为能就此逆袭，一步步迈向巅峰， 却因为重生彩蛋的中华古武，变成了太监。\r\n为了能重新夺回男性的尊严，主角努力修炼。却在修炼之路遇上了自己的真命天女 当龙傲天光环碰上玛丽苏光环制造各种爆笑日常。\r\n女朋友不正常就算了，身边的朋友也没好到哪里去。脑子有漾的中二病，出个门能被陨石砸中的倒霉催，收藏妹妹内衣的神级妹控，永远记不住他名字的小透明……绿茶婊，杀马特，白莲花，跟踪狂等轮番上场，挑战你们的三观。\r\n 给你们一场不一样的阅读盛宴\r\n（套路小说看多了，想要搞笑的果断点进来就对了）",
          "subCateName": "异世大陆",
          "bookName": "当龙傲天碰上玛丽苏",
          "categoryName": "奇幻玄幻",
          "bookId": 849742,
          "coverUrl": "/cover/cd/76/cd761ac6745851cd8cc8cea8d4d2d396.jpeg",
          "serialStatus": 0,
          "authorName": "我要逆袭"
      }
  ],
  "ranklist3": [
      {
          "updteChapterName": "番外第十章",
          "description": "江湖是一张珠帘。\r\n大人物小人物，是珠子，大故事小故事，是串线。\r\n情义二字，则是那些珠子的精气神。\r\n————\r\n开始收官中。\r\n最终章将以那一声“小二上酒”结尾。\r\n【北京影视出版创作基金扶持作品】鸣谢北京市新闻出版广电局\r\n",
          "subCateName": "东方玄幻",
          "bookName": "雪中悍刀行",
          "categoryName": "奇幻玄幻",
          "bookId": 189169,
          "coverUrl": "/cover/03/3b/033bfb691d626e55f78e6c7fef0a9737.jpeg",
          "serialStatus": 1,
          "authorName": "烽火戏诸侯"
      },
      {
          "updteChapterName": "新书《一剑独尊》发布！！",
          "description": "如果杀人不是为了装逼，那将毫无意义；如果活着不是为了装逼，那还不如死了。杀，就杀他个尸横遍野，装，就装他个巅峰不败！——新书《一剑独尊》已发布，欢迎大家去阅读，在纵横直接搜索《一剑独尊》 便可。微信公众号：直接搜：青鸾峰上。青鸾读者群：571783824",
          "subCateName": "东方玄幻",
          "bookName": "无敌剑域",
          "categoryName": "奇幻玄幻",
          "bookId": 435710,
          "coverUrl": "/cover/2015/12/1449025519645.jpg",
          "serialStatus": 1,
          "authorName": "青鸾峰上"
      },
      {
          "updteChapterName": "终章 美丽新世界",
          "description": "千夜自困苦中崛起，在背叛中坠落。\r\n自此一个人，一把枪，行在永夜与黎明之间，却走出一段传奇。\r\n若永夜注定是他的命运，那他也要成为主宰的王。",
          "subCateName": "异世大陆",
          "bookName": "永夜君王",
          "categoryName": "奇幻玄幻",
          "bookId": 342974,
          "coverUrl": "/cover/2016/01/1453257564712.jpg",
          "serialStatus": 1,
          "authorName": "烟雨江南"
      },
      {
          "updteChapterName": "第1149章  永远无敌 大结局",
          "description": "苍茫大地，未来变革，混乱之中，龙蛇并起，谁是真龙，谁又是蟒蛇？或是天地众生，皆可成龙？\r\n\r\n朝廷，江湖门派，世外仙道，千年世家，蛮族，魔神，妖族，上古巫道，千百势力，相互纠缠，因缘际会。",
          "subCateName": "东方玄幻",
          "bookName": "龙符",
          "categoryName": "奇幻玄幻",
          "bookId": 523438,
          "coverUrl": "/cover/2015/12/1451542120546.jpg",
          "serialStatus": 1,
          "authorName": "梦入神机"
      },
      {
          "updteChapterName": "第一千八百二十三章  封界十万年！（终）",
          "description": "太古时代，有擎天巨灵，身如星辰，翱翔宙宇。\n有身怀异血的各族大尊，破灭虚空，再造天地，有古炼气士，远渡星河，教化众生。\n不知因何原因，一个时代悄然终结，万域隔绝，太古巨擎一一销声匿迹。\n时隔多年，少年聂天，通过一滴鲜血，重回太古。微信公众号：作者逆苍天。(主角：聂天 裴琦琦 董丽)。",
          "subCateName": "异世大陆",
          "bookName": "万域之王",
          "categoryName": "奇幻玄幻",
          "bookId": 568097,
          "coverUrl": "/cover/2016/05/1463105580382.jpg",
          "serialStatus": 1,
          "authorName": "逆苍天"
      },
      {
          "updteChapterName": "1011、命运应世（大结局）",
          "description": "一朝英雄拔剑起，又是苍生十年劫。但那世间最风流的繁华，却又怎么抵得上你眉间一点朱砂。魔域的公众微信：魔域书娘。\r\n　　",
          "subCateName": "异世大陆",
          "bookName": "魔域",
          "categoryName": "奇幻玄幻",
          "bookId": 568980,
          "coverUrl": "/cover/2016/05/1463620780243.jpg",
          "serialStatus": 1,
          "authorName": "乱世狂刀"
      },
      {
          "updteChapterName": "  第一千六百章   最后的时刻 {大结局}",
          "description": "圣者以脊梁撑起天堂中的诸神\r\n王者以力量镇压地狱中的群魔\r\n天地之间，唯有圣王 \r\n\r\n梦入神机新书《星河大帝》http://book.zongheng.com/book/280744.html",
          "subCateName": "东方玄幻",
          "bookName": "圣王",
          "categoryName": "奇幻玄幻",
          "bookId": 158432,
          "coverUrl": "/cover/2012/05/1337051552793.jpg",
          "serialStatus": 1,
          "authorName": "梦入神机"
      },
      {
          "updteChapterName": "番外大黑篇",
          "description": "经典玄幻巨作《盖世帝尊》\r\n纪元末年，诸王争霸，群魔并起，问道长生。\r\n睡神少年，因祸得福，肉身成圣，弹指遮天，俯览岁月称尊！\r\n谁又能与岁月永恒？\r\n\r\n一叶青天微信公众号：搜索：一叶青天",
          "subCateName": "东方玄幻",
          "bookName": "盖世帝尊",
          "categoryName": "奇幻玄幻",
          "bookId": 431145,
          "coverUrl": "/cover/eb/12/eb12cc3b70c4c985105aa815daa62464.jpeg",
          "serialStatus": 1,
          "authorName": "一叶青天"
      },
      {
          "updteChapterName": "新书《天骄战纪》已经首发纵横！",
          "description": "制神符，炼体魄，修无上剑道，悟法则奥义……陈汐凭借过人的胆识和逆天的机缘，在这神魔纵横的大世界中，最终踏上无尽大道的巅峰，掌控天下！\r\n金鱼的微信公众号：搜索【萧瑾瑜】添加即可！\r\n",
          "subCateName": "东方玄幻",
          "bookName": "符皇",
          "categoryName": "奇幻玄幻",
          "bookId": 269733,
          "coverUrl": "/cover/2014/11/1415960236469.jpg",
          "serialStatus": 1,
          "authorName": "萧瑾瑜"
      },
      {
          "updteChapterName": "新书《万世为王》已发布",
          "description": "十方天域，强者为尊，少年林天偶获神秘铁剑，炼无上武道，修阵术神法，战万族天骄而不败！七尺剑芒荡八荒，十方天内，我为至尊神王！……微信公众号：贪睡的龙。诚邀亲们关注！",
          "subCateName": "东方玄幻",
          "bookName": "十方神王",
          "categoryName": "奇幻玄幻",
          "bookId": 468543,
          "coverUrl": "/cover/9d/6c/9d6c97949ac4e800e05994a667930316.jpeg",
          "serialStatus": 1,
          "authorName": "贪睡的龙"
      }
  ],
  "ranklist0": [
      {
          "updteChapterName": "1429、时间的力量",
          "description": "地球要被银河系深处的仙道宗门强拆了，而地球人对此一无所知。\n\n一个热血玄幻故事。\n\n 请关注公众号【乱世狂刀】。",
          "subCateName": "东方玄幻",
          "bookName": "圣武星辰",
          "categoryName": "奇幻玄幻",
          "bookId": 682920,
          "coverUrl": "/cover/a7/1a/a71a535fd8ad36ff597e432076b760a2.jpeg",
          "serialStatus": 0,
          "authorName": "乱世狂刀"
      },
      {
          "updteChapterName": "第七百一十七章：剑锋一出，谁与争锋？",
          "description": "生死看淡，不服就干。\r\n诸天神佛仙，不过一剑间！",
          "subCateName": "东方玄幻",
          "bookName": "一剑独尊",
          "categoryName": "奇幻玄幻",
          "bookId": 777234,
          "coverUrl": "/cover/b0/c5/b0c5af5b3ca214b123f388789c0e9514.jpeg",
          "serialStatus": 0,
          "authorName": "青鸾峰上"
      },
      {
          "updteChapterName": "第1241章 她已经死了",
          "description": "他自卑微中来，紧握命运的契机，踏过迷雾与阴影，追逐着黑夜、光明，终成那照耀天与地的身影！",
          "subCateName": "东方玄幻",
          "bookName": "祭炼山河",
          "categoryName": "奇幻玄幻",
          "bookId": 309318,
          "coverUrl": "/cover/00/09/00093af9971adf3d796ad79e2556e093.jpeg",
          "serialStatus": 0,
          "authorName": "食堂包子"
      },
      {
          "updteChapterName": "第九百六十七章  群雄动",
          "description": "天地为炉，万物为铜，阴阳为炭，造化为工。\r\n气运之争，蟒雀吞龙。\r\n究竟是蟒雀为尊，还是圣龙崛起，凌驾众生？\r\n这是气掌乾坤的世界，磅礴宏伟，一气可搬山，可倒海，可翻天，可掌阴阳乾坤。\r\n世间源气分九品，三品称玄，六品成天，九品号圣。  \r\n吾有一口玄黄气，可吞天地日月星。",
          "subCateName": "东方玄幻",
          "bookName": "元尊",
          "categoryName": "奇幻玄幻",
          "bookId": 685640,
          "coverUrl": "/cover/97/28/97283b8a300cd4744e2d59b0a5ec0fed.jpeg",
          "serialStatus": 0,
          "authorName": "天蚕土豆"
      },
      {
          "updteChapterName": "115   醒灵",
          "description": "天境湖澄清如玉，缥缈峰冰肌玉骨！\r\n世界的尽头，一派苍茫！",
          "subCateName": "东方玄幻",
          "bookName": "扬天无界",
          "categoryName": "奇幻玄幻",
          "bookId": 850027,
          "coverUrl": "/cover/fb/10/fb1064813fd5ead70266ae66703875a8.jpeg",
          "serialStatus": 0,
          "authorName": "幽灵鬼手"
      },
      {
          "updteChapterName": "第1543章 杀王如屠狗",
          "description": "掌天毒之珠，承邪神之血，修逆天之力，一代邪神，君临天下！\n\n\n【添加微信公众号：火星引力】",
          "subCateName": "东方玄幻",
          "bookName": "逆天邪神",
          "categoryName": "奇幻玄幻",
          "bookId": 408586,
          "coverUrl": "/cover/2014/11/1416425191645.jpg",
          "serialStatus": 0,
          "authorName": "火星引力"
      },
      {
          "updteChapterName": "章八百一十六  如月西沉，如日东升",
          "description": "“嗯……这个卓青瑶，虽然十三岁才闻道境一层，天赋极差，家境又贫寒，父母还双亡，为了救弟弟，翻越妖兽丛生的十万大山前来拜师！”\r\n“虽然看起来很惨，但是这小姑娘是妥妥的主角模板啊！”\r\n“收徒！必须收徒！”\r\n“叮！”\r\n“万道仙师系统恭喜宿主初次收徒成功，奖励师德10点……”\r\n……\r\n\r\n",
          "subCateName": "王朝争霸",
          "bookName": "万道仙师",
          "categoryName": "奇幻玄幻",
          "bookId": 789625,
          "coverUrl": "/cover/c7/e1/c7e146ea8985c1af680cff04f93622bd.jpeg",
          "serialStatus": 0,
          "authorName": "萌萌哒的铁匠"
      },
      {
          "updteChapterName": "第二百九十七章  打脸东阳",
          "description": "世界之上，有仙灵居住；九幽之下，冥魔横行；不可知地中，偶尔响起神秘的低吟，万古葬区内，有巨人咆哮天地…\n这一日他走入尘世，要用这武道昌隆的时代，去见证自己的崛起。\n极武时代，唯帝的光芒，可以照耀万古，永恒不朽…",
          "subCateName": "东方玄幻",
          "bookName": "帝世无双",
          "categoryName": "奇幻玄幻",
          "bookId": 837229,
          "coverUrl": "/cover/6d/30/6d308fa4f4edb50955ed1138acf2be95.jpeg",
          "serialStatus": 0,
          "authorName": "雨暮浮屠"
      },
      {
          "updteChapterName": "第一千三十八章 到此为止",
          "description": "当你可以穿梭时空，世界都将为你改变！\n叶枫在百年之前种下一颗种子，现世就多了一颗百年老药。在千年之前埋下一座神藏，现世敌人被坑的找不着北。在万年之前亲了一个姑娘，仙界的神女便等了他万年。\n友情提示，本书不要在公共场合观看，否则你会笑的成为宇宙的焦点。",
          "subCateName": "东方玄幻",
          "bookName": "万界仙王",
          "categoryName": "奇幻玄幻",
          "bookId": 711996,
          "coverUrl": "/cover/b4/e1/b4e1c30d49155c913bb4089a0f99a18f.jpeg",
          "serialStatus": 0,
          "authorName": "西门飘血"
      },
      {
          "updteChapterName": "第114章  云瀑之诡",
          "description": "一元、两仪、三才、四象……\n“我跟你们说，一些传统的东西一定要记得随便学点什么，一旦遇到穿越这种事情，你就能开辟一条征伐诸天的堂皇大道！”商夏敬告诸位道友。\n【微信公众号：睡秋的庄园】\n书友群：128946075。\n完本老书：《真灵九变》、《仙路至尊》。",
          "subCateName": "东方玄幻",
          "bookName": "猎天争锋",
          "categoryName": "奇幻玄幻",
          "bookId": 841970,
          "coverUrl": "/cover/9f/33/9f33c6e02a226d0d6f7a9fac7846909c.jpeg",
          "serialStatus": 0,
          "authorName": "睡秋"
      }
  ]
}