{
  "movie": [
    {
      "img": "/img/1.jpg",
      "name": "叶问",
      "flag": true,
      "count": 1
    },
    {
      "img": "/img/2.jpg",
      "name": "误杀",
      "flag": true,
      "count": 1
    },
    {
      "img": "/img/3.jpg",
      "name": "半个喜剧",
      "flag": false,
      "count": 1
    },
    {
      "img": "/img/4.jpg",
      "name": "星球大战",
      "flag": false,
      "count": 1
    },
    {
      "img": "/img/5.jpg",
      "name": "特警队",
      "flag": false,
      "count": 1
    }
  ]
}