{
  "total": 98,
  "movieList": [
    {
      "id": 1190122,
      "haspromotionTag": false,
      "img": "http://p0.meituan.net/128.180/movie/a3d6ca3bdd5b0ddd7016acff9a9f2f2e2805813.jpg",
      "version": "",
      "nm": "叶问4：完结篇",
      "preShow": false,
      "sc": 9.5,
      "globalReleased": true,
      "wish": 295118,
      "star": "甄子丹,吴樾,吴建豪",
      "rt": "2019-12-20",
      "showInfo": "今天220家影院放映1839场",
      "showst": 3,
      "wishst": 0
    },
    {
      "id": 1218273,
      "haspromotionTag": false,
      "img": "http://p1.meituan.net/128.180/movie/967b253953bc7e660cfadbf9d78f67b62852693.jpg",
      "version": "v2d imax",
      "nm": "误杀",
      "preShow": false,
      "sc": 9.5,
      "globalReleased": true,
      "wish": 40632,
      "star": "肖央,谭卓,陈冲",
      "rt": "2019-12-13",
      "showInfo": "今天218家影院放映1728场",
      "showst": 3,
      "wishst": 0
    },
    {
      "id": 1228869,
      "haspromotionTag": false,
      "img": "http://p0.meituan.net/128.180/movie/9064b787a533d85fa2d2f8ad486351861051512.jpg",
      "version": "",
      "nm": "半个喜剧",
      "preShow": false,
      "sc": 9,
      "globalReleased": true,
      "wish": 34803,
      "star": "任素汐,吴昱翰,刘迅",
      "rt": "2019-12-20",
      "showInfo": "今天166家影院放映561场",
      "showst": 3,
      "wishst": 0
    },
    {
      "id": 443387,
      "haspromotionTag": false,
      "img": "http://p0.meituan.net/128.180/moviemachine/a16716ff2873be37857add59f882e44d5071965.jpg",
      "version": "v3d imax",
      "nm": "星球大战：天行者崛起",
      "preShow": false,
      "sc": 7.7,
      "globalReleased": true,
      "wish": 66461,
      "star": "凯丽·费雪,马克·哈米尔,亚当·德赖弗",
      "rt": "2019-12-20",
      "showInfo": "今天136家影院放映430场",
      "showst": 3,
      "wishst": 0
    },
    {
      "id": 1237279,
      "haspromotionTag": false,
      "img": "http://p1.meituan.net/128.180/movie/e6a78a25fcc66f8bd6ac58c66ce305151928945.jpg",
      "version": "",
      "nm": "特警队",
      "preShow": false,
      "sc": 0,
      "globalReleased": true,
      "wish": 32176,
      "star": "凌潇肃,贾乃亮,金晨",
      "rt": "2019-12-27",
      "showInfo": "今天225家影院放映2442场",
      "showst": 3,
      "wishst": 0
    },
    {
      "id": 1261203,
      "haspromotionTag": false,
      "img": "http://p0.meituan.net/128.180/movie/1226072d683bc638e83af8c46049156b1281110.jpg",
      "version": "",
      "nm": "解放·终局营救",
      "preShow": false,
      "sc": 0,
      "globalReleased": true,
      "wish": 35676,
      "star": "周一围,钟汉良,钟楚曦",
      "rt": "2019-12-27",
      "showInfo": "今天216家影院放映1522场",
      "showst": 3,
      "wishst": 0
    },
    {
      "id": 1279731,
      "haspromotionTag": false,
      "img": "http://p0.meituan.net/128.180/movie/c6d7c3d84d54abc910f85468db9985362428931.jpg",
      "version": "",
      "nm": "宠爱",
      "preShow": true,
      "sc": 0,
      "globalReleased": false,
      "wish": 247287,
      "star": "于和伟,吴磊,张子枫",
      "rt": "2019-12-31",
      "showInfo": "2019-12-31 下周二上映",
      "showst": 4,
      "wishst": 0
    },
    {
      "id": 1297995,
      "haspromotionTag": false,
      "img": "http://p0.meituan.net/128.180/movie/aa10dea915717372fc0b36bc75a4a5a92888124.jpg",
      "version": "",
      "nm": "只有芸知道",
      "preShow": false,
      "sc": 8.5,
      "globalReleased": true,
      "wish": 45227,
      "star": "黄轩,杨采钰,徐帆",
      "rt": "2019-12-20",
      "showInfo": "今天194家影院放映713场",
      "showst": 3,
      "wishst": 0
    },
    {
      "id": 341823,
      "haspromotionTag": false,
      "img": "http://p0.meituan.net/128.180/movie/a6b1d181d4d682ff6fb93677f9d62601221268.jpg",
      "version": "v3d",
      "nm": "罗宾汉：起源",
      "preShow": false,
      "sc": 0,
      "globalReleased": true,
      "wish": 21657,
      "star": "塔伦·埃格顿,杰米·福克斯,本·门德尔森",
      "rt": "2019-12-27",
      "showInfo": "今天191家影院放映773场",
      "showst": 3,
      "wishst": 0
    },
    {
      "id": 1213293,
      "haspromotionTag": false,
      "img": "http://p1.meituan.net/128.180/movie/c19886cbc8a2712674951a4664effe2d461360.jpg",
      "version": "",
      "nm": "小羊肖恩2：末日农场",
      "preShow": false,
      "sc": 0,
      "globalReleased": false,
      "wish": 8185,
      "star": "贾斯汀·弗莱彻,约翰·斯帕克斯,安迪·尼曼",
      "rt": "2019-12-28",
      "showInfo": "2019-12-28 本周六上映",
      "showst": 4,
      "wishst": 0
    },
    {
      "id": 1298827,
      "haspromotionTag": false,
      "img": "http://p0.meituan.net/128.180/moviemachine/ab5898959e5ded3b11c4965559cd92ba138140.jpg",
      "version": "",
      "nm": "亲爱的新年好",
      "preShow": true,
      "sc": 0,
      "globalReleased": false,
      "wish": 62084,
      "star": "白百何,张子枫,魏大勋",
      "rt": "2019-12-31",
      "showInfo": "2019-12-31 下周二上映",
      "showst": 4,
      "wishst": 0
    },
    {
      "id": 1301444,
      "haspromotionTag": false,
      "img": "http://p1.meituan.net/128.180/moviemachine/ef09e2a503bb7d5b46661736e383915c2863247.jpg",
      "version": "",
      "nm": "妙先生",
      "preShow": true,
      "sc": 0,
      "globalReleased": false,
      "wish": 19703,
      "rt": "2019-12-31",
      "showInfo": "2019-12-31 下周二上映",
      "showst": 4,
      "wishst": 0
    }
  ]
}